{
  "model_version": "v20260612_000115",
  "best_params": {
    "n_estimators": 285,
    "max_depth": 7,
    "learning_rate": 0.26916842312075223,
    "subsample": 0.8113873148586237,
    "colsample_bytree": 0.6051538917066916,
    "scale_pos_weight": 3.527206757866161,
    "min_child_weight": 8,
    "gamma": 2.2192428917720677,
    "reg_alpha": 1.0217625481891323e-08,
    "reg_lambda": 4.2286151784210887e-08
  },
  "optuna_best_auc": 0.9963265085624764,
  "test_metrics": {
    "auc_roc": 0.9952996474735606,
    "f1_score": 0.9572649572649573,
    "pr_auc": 0.9935327314990862,
    "cohen_kappa": 0.929955638571095,
    "accuracy": 0.9666666666666667,
    "precision": 0.9411764705882353,
    "recall": 0.9739130434782609
  },
  "confusion_matrix": [
    [
      178,
      7
    ],
    [
      3,
      112
    ]
  ],
  "train_size": 1400,
  "val_size": 300,
  "test_size": 300,
  "feature_cols": [
    "attendance_rate",
    "quiz_average",
    "assignment_submission_rate",
    "mobile_engagement_freq",
    "financial_aid_status"
  ],
  "trained_at": "2026-06-12T00:01:15.904990+00:00"
}