{
  "model_version": "v20260611_233743",
  "best_params": {
    "n_estimators": 163,
    "max_depth": 9,
    "learning_rate": 0.1546750149351891,
    "subsample": 0.9910617947859575,
    "colsample_bytree": 0.6068955404739566,
    "scale_pos_weight": 4.424415422297731,
    "min_child_weight": 7,
    "gamma": 3.889324684314082,
    "reg_alpha": 0.0041252659355742825,
    "reg_lambda": 6.808569653257824e-08
  },
  "optuna_best_auc": 0.9966938577062289,
  "test_metrics": {
    "auc_roc": 0.992150411280846,
    "f1_score": 0.9327731092436975,
    "pr_auc": 0.9885737223442348,
    "cohen_kappa": 0.8886569241475296,
    "accuracy": 0.9466666666666667,
    "precision": 0.9024390243902439,
    "recall": 0.9652173913043478
  },
  "confusion_matrix": [
    [
      173,
      12
    ],
    [
      4,
      111
    ]
  ],
  "train_size": 1400,
  "val_size": 300,
  "test_size": 300,
  "feature_cols": [
    "attendance_rate",
    "quiz_average",
    "assignment_submission_rate",
    "mobile_engagement_freq",
    "financial_aid_status"
  ],
  "trained_at": "2026-06-11T23:37:43.975144+00:00"
}