{
  "model_version": "v20260612_003932",
  "best_params": {
    "n_estimators": 132,
    "max_depth": 4,
    "learning_rate": 0.15246388978963848,
    "subsample": 0.9269183209102567,
    "colsample_bytree": 0.7898398663721797,
    "scale_pos_weight": 4.74649529796983,
    "min_child_weight": 10,
    "gamma": 2.681284320194429,
    "reg_alpha": 1.603060927016785e-07,
    "reg_lambda": 0.00341221658488198
  },
  "optuna_best_auc": 0.9965858138404192,
  "test_metrics": {
    "auc_roc": 0.9949706227967098,
    "f1_score": 0.9411764705882353,
    "pr_auc": 0.9930404069861423,
    "cohen_kappa": 0.9025748086290883,
    "accuracy": 0.9533333333333334,
    "precision": 0.9105691056910569,
    "recall": 0.9739130434782609
  },
  "confusion_matrix": [
    [
      174,
      11
    ],
    [
      3,
      112
    ]
  ],
  "train_size": 1400,
  "val_size": 300,
  "test_size": 300,
  "feature_cols": [
    "attendance_rate",
    "quiz_average",
    "assignment_submission_rate",
    "mobile_engagement_freq",
    "financial_aid_status"
  ],
  "trained_at": "2026-06-12T00:39:32.729322+00:00"
}