{
  "model_version": "v20260612_072542",
  "best_params": {
    "n_estimators": 326,
    "max_depth": 3,
    "learning_rate": 0.22247174255911695,
    "subsample": 0.6923309846474148,
    "colsample_bytree": 0.9026390407726536,
    "scale_pos_weight": 7.248768119681759,
    "min_child_weight": 7,
    "gamma": 3.925772978784877,
    "reg_alpha": 1.9449945904431079,
    "reg_lambda": 0.5511860801867299
  },
  "optuna_best_auc": 0.9953541137701907,
  "test_metrics": {
    "auc_roc": 0.9949706227967098,
    "f1_score": 0.944206008583691,
    "pr_auc": 0.9928241910349407,
    "cohen_kappa": 0.9087932647333957,
    "accuracy": 0.9566666666666667,
    "precision": 0.9322033898305084,
    "recall": 0.9565217391304348
  },
  "confusion_matrix": [
    [
      177,
      8
    ],
    [
      5,
      110
    ]
  ],
  "train_size": 1400,
  "val_size": 300,
  "test_size": 300,
  "feature_cols": [
    "attendance_rate",
    "quiz_average",
    "assignment_submission_rate",
    "mobile_engagement_freq",
    "financial_aid_status"
  ],
  "trained_at": "2026-06-12T07:25:42.843360+00:00"
}